
INSERT INTO POSITION 
VALUES (102,'INTERN','HELPS IN OPERATIONS');
INSERT INTO POSITION 
VALUES (100,'CONSULTANT','CONSULTS PEOPLE GENERAL');
INSERT INTO POSITION
VALUES (150,'SENIOR CONSULTANT','CONSULTS PEOPLE ON BIGGER ISSUES');
INSERT INTO POSITION 
VALUES (200, 'HEAD DOCTOR','MANAGES COMPLICATED CASES');
INSERT INTO POSITION
VALUES (001,'DIRECTOR', 'RESPONSIBLE FOR THE WHOLE HOSPITAL');

SELECT * FROM POSITION;

INSERT INTO SPECIALITY 
VALUES(100, 'ENT','TREAT IMMUNE SYSTEM ISSUES');
INSERT INTO SPECIALITY 
VALUES(200, 'CARDIOLOGY','TREAT HEART AND BLOOD VESSEL ISSUES');
INSERT INTO SPECIALITY 
VALUES(300, 'DERMATOLOGY','TREAT SKIN OR HAIR ISSUES');
INSERT INTO SPECIALITY 
VALUES(400, 'CARDIOLOGY','TREAT BLOOD VESSEL OR HEART ISSUES');
INSERT INTO SPECIALITY 
VALUES(500, 'IMMUNOLOGY','TREAT IMMUNE SYSTE ISSUES');

SELECT * FROM SPECIALITY;

INSERT INTO USER_TYPE
VALUES(1,'ADMIN','ADMINISTRATES THE SYSTEM');
INSERT INTO USER_TYPE 
VALUES(2,'DOCTOR','IS A DOCTOR IN THE HOSPITAL');
INSERT INTO USER_TYPE 
VALUES(3,'PATIENTS','CONSIDERING A HEALTH CASE IN THE HOSPITAL');
INSERT INTO USER_TYPE 
VALUES(4,'NURSE','IS A NURSE IN THE HOSPITAL');
INSERT INTO USER_TYPE 
VALUES(5,'INTERN','WORKS AS AN INTERN IN THE HOSPITAL');

SELECT * FROM USER_TYPE;

INSERT INTO USERS
VALUES('ADMIN1','ADMIN123',TO_DATE('2021/02/01', 'yyyy/mm/dd'),'TALHA','ABDUL',1);
INSERT INTO USERS
VALUES('ADMIN2','ADMIN321',TO_DATE('2022/01/01', 'yyyy/mm/dd'),'ABDUL','IBRAH',1);
INSERT INTO USERS
VALUES('PATIENT1','PATIENT123',TO_DATE('2021/05/01', 'yyyy/mm/dd'),'MOHA','ABDUL',3);
INSERT INTO USERS
VALUES('PATIENT2','PATIENT321',TO_DATE('2022/02/10', 'yyyy/mm/dd'),'MOHA','MOHA',3);
INSERT INTO USERS
VALUES('PATIENT3','PATIENTS123',TO_DATE('2020/06/01', 'yyyy/mm/dd'),'AMM','ABDUL',3);
INSERT INTO USERS
VALUES('PATIENT4','PATIENTS321',TO_DATE('2020/03/10', 'yyyy/mm/dd'),'HAZI','MOHA',3);
INSERT INTO USERS
VALUES('PATIENT5','PATIENT3232',TO_DATE('2021/07/14', 'yyyy/mm/dd'),'ABDE','MOHA',3);
INSERT INTO USERS
VALUES('DOCTOR1','DOCTOR123',TO_DATE('2020/04/12', 'yyyy/mm/dd'),'ABDU','ABDU',2);
INSERT INTO USERS
VALUES('DOCTOR2','DOCTOR321',TO_DATE('2020/05/11', 'yyyy/mm/dd'),'HAFI','ABDU',2);
INSERT INTO USERS
VALUES('DOCTOR3','DOCTORS123',TO_DATE('2021/04/24', 'yyyy/mm/dd'),'ABDI','ABDI',2);
INSERT INTO USERS
VALUES('DOCTOR4','DOCTORS321',TO_DATE('2020/05/11', 'yyyy/mm/dd'),'SAIF','ABD',2);
INSERT INTO USERS
VALUES('DOCTOR5','123DOCTORS',TO_DATE('2022/01/01', 'yyyy/mm/dd'),'MAHI','ABD',2);


SELECT * FROM USERS;

INSERT INTO DOCTORS
VALUES(10,'QUALIFIED BY OBOS-','100','100','DOCTOR1');
INSERT INTO DOCTORS
VALUES(20,'QUALIFIED BY DPES-','102','200','DOCTOR2');
INSERT INTO DOCTORS
VALUES(30,'QUALIFIED BY CCRT-','150','300','DOCTOR3');
INSERT INTO DOCTORS
VALUES(40,'QUALIFIED BY POL-','200','400','DOCTOR4');
INSERT INTO DOCTORS
VALUES(50,'QUALIFIED BY BOS-','001','500','DOCTOR5');

SELECT * FROM DOCTORS;

INSERT INTO MEDICINE 
VALUES(1234,'OXIDANT','PROVIDES OXYGEN TO BODY',500);
INSERT INTO MEDICINE 
VALUES(4321,'RAXODIANT','PROVIDES RADOXI TO BODY',700);
INSERT INTO MEDICINE 
VALUES(1111,'PODICANT','PROVIDES RED BLOOD TO BODY',1000);
INSERT INTO MEDICINE 
VALUES(2222,'TARICANT','PROVIDES ENERGY TO BODY',400);
INSERT INTO MEDICINE 
VALUES(4444,'BRUFEN','PROVIDES RELIEF TO BODY',200);

SELECT * FROM MEDICINE;

INSERT INTO PATIENT 
VALUES(001,'HIGH FEVER','PATIENT1');
INSERT INTO PATIENT 
VALUES(002,'CRITICAL','PATIENT2');
INSERT INTO PATIENT 
VALUES(003,'ENERGY ISSUE','PATIENT3');
INSERT INTO PATIENT 
VALUES(004,'CANCER','PATIENT4');
INSERT INTO PATIENT 
VALUES(005,'HYPER TENSION','PATIENT5');

SELECT * FROM PATIENT;

INSERT INTO PATIENT_MEDICINE
VALUES(TO_DATE('2020/04/12', 'yyyy/mm/dd'),TO_DATE('2021/04/12', 'yyyy/mm/dd'),001,1234);
INSERT INTO PATIENT_MEDICINE
VALUES(TO_DATE('2021/05/12', 'yyyy/mm/dd'),TO_DATE('2022/05/12', 'yyyy/mm/dd'),002,4321);
INSERT INTO PATIENT_MEDICINE
VALUES(TO_DATE('2020/03/13', 'yyyy/mm/dd'),TO_DATE('2021/03/13', 'yyyy/mm/dd'),003,1111);
INSERT INTO PATIENT_MEDICINE
VALUES(TO_DATE('2019/10/12', 'yyyy/mm/dd'),TO_DATE('2021/05/12', 'yyyy/mm/dd'),004,2222);
INSERT INTO PATIENT_MEDICINE
VALUES(TO_DATE('2020/11/12', 'yyyy/mm/dd'),TO_DATE('2021/11/12', 'yyyy/mm/dd'),005,4444);

SELECT * FROM PATIENT_MEDICINE;

INSERT INTO RATING 
VALUES ('1000',TO_DATE('2021/11/12', 'yyyy/mm/dd'),4,'AMAZING DR',001,10);
INSERT INTO RATING 
VALUES ('2000',TO_DATE('2020/04/05', 'yyyy/mm/dd'),5,'BEST DR',002,20);
INSERT INTO RATING 
VALUES ('3000',TO_DATE('2022/01/12', 'yyyy/mm/dd'),3,'NOT BAD DR',003,40);
INSERT INTO RATING 
VALUES ('4000',TO_DATE('2020/06/09', 'yyyy/mm/dd'),4,'DECENT DR',004,50);
INSERT INTO RATING 
VALUES ('5000',TO_DATE('2021/12/12', 'yyyy/mm/dd'),2,'NOT GOOD DR',005,30);

SELECT * FROM RATING;

INSERT INTO TOPIC_TYPE
VALUES(1,'QUESTIONS','QUESTIONS RELATED TO HEALTH');
INSERT INTO TOPIC_TYPE
VALUES(2,'RECENT RESEARCH UPDATE','LATEST UPDATES ON RESEARCH');
INSERT INTO TOPIC_TYPE
VALUES(3,'NEW MEDICATION RELEASE','LATEST MEDICATION RELEASES');
INSERT INTO TOPIC_TYPE
VALUES(4,'PATIENT OPINION','OPINIONS FROM PATIENTS');
INSERT INTO TOPIC_TYPE
VALUES(5,'DISCUSSIONS','DISCUSSIONS RELATED TO HEALTH');
INSERT INTO TOPIC_TYPE
VALUES(6,'GENERAL INFORMATION','INFORMATION AVAILABLE');

SELECT * FROM TOPIC_TYPE;

INSERT INTO TOPIC
VALUES('100',TO_DATE('2021/04/05', 'yyyy/mm/dd'),1,'DISCUSSION ON ENERGY',100,1,'PATIENT1');
INSERT INTO TOPIC
VALUES('200',TO_DATE('2020/07/05', 'yyyy/mm/dd'),0,'DISCUSSION ON DOCTORS',200,2,'DOCTOR1');
INSERT INTO TOPIC
VALUES('300',TO_DATE('2021/11/11', 'yyyy/mm/dd'),1,'DISCUSSION ON STRESS',300,3,'PATIENT2');
INSERT INTO TOPIC
VALUES('400',TO_DATE('2019/03/02', 'yyyy/mm/dd'),0,'DISCUSSION ON AGGRESSION',400,4,'PATIENT3');
INSERT INTO TOPIC
VALUES('500',TO_DATE('2021/12/12', 'yyyy/mm/dd'),1,'DISCUSSION ON LIFE PROBLEMS',500,5,'DOCTOR3');

SELECT * FROM TOPIC;

INSERT INTO REPLY
VALUES('473','AMAZING DISCUSSION',TO_DATE('2022/01/12', 'yyyy/mm/dd'),'100','PATIENT2');
INSERT INTO REPLY
VALUES('342','DECENT DISCUSSION',TO_DATE('2020/01/02', 'yyyy/mm/dd'),'200','PATIENT1');
INSERT INTO REPLY
VALUES('423','BAD DISCUSSION',TO_DATE('2021/03/11', 'yyyy/mm/dd'),'300','PATIENT4');
INSERT INTO REPLY
VALUES('524','I LOVE THIS DISCUSSION',TO_DATE('2022/03/07', 'yyyy/mm/dd'),'400','PATIENT3');
INSERT INTO REPLY
VALUES('321','BENEFICIAL DISCUSSION',TO_DATE('2022/04/10', 'yyyy/mm/dd'),'500','DOCTOR2');

SELECT * FROM REPLY;